<?xml version="1.0" encoding="UTF-8"?>
<configuration>

    <property name="LOG_FILE_INFO" value="C:/application/return-exception/logs/ReturnExceptionInfo.log"/>
    <property name="LOG_FILE_ERROR" value="C:/application/return-exception/logs/ApplicationException.log"/>
    <property name="LOG_FILE_WARN" value="C:/application/return-exception/logs/ReturnException.log"/>

    <appender name="CONSOLE" class="ch.qos.logback.core.ConsoleAppender">
        <encoder>
            <pattern>
                %d{HH:mm:ss.SSS} %magenta([%thread]) %highlight(%-5level) %logger{36}.%M - %msg%n
            </pattern>
        </encoder>
    </appender>

    <!--Logging for INFO-->
    <appender name="LOG_INFO" class="ch.qos.logback.core.rolling.RollingFileAppender">
        <file>${LOG_FILE_INFO}</file>
        <rollingPolicy class="ch.qos.logback.core.rolling.SizeAndTimeBasedRollingPolicy">
            <fileNamePattern>${LOG_FILE_INFO}.%d{yyyy-MM-dd}_%i.log.gz</fileNamePattern>
            <maxFileSize>20MB</maxFileSize>
            <maxHistory>10</maxHistory>  <!--in days-->
        </rollingPolicy>
        <filter class="ch.qos.logback.classic.filter.LevelFilter">
            <level>INFO</level>
            <onMatch>ACCEPT</onMatch>
            <onMismatch>DENY</onMismatch>
        </filter>
        <encoder>
            <pattern>%d{dd-MM-yyyy HH:mm:ss.SSSS}|%-5level|%msg%n</pattern>
        </encoder>
    </appender>

    <!--Logging for ERROR-->
    <appender name="LOG_ERROR" class="ch.qos.logback.core.rolling.RollingFileAppender">
        <file>${LOG_FILE_ERROR}</file>
        <rollingPolicy class="ch.qos.logback.core.rolling.SizeAndTimeBasedRollingPolicy">
            <fileNamePattern>${LOG_FILE_ERROR}.%d{yyyy-MM-dd}_%i.gz</fileNamePattern>
            <maxFileSize>20MB</maxFileSize>
            <maxHistory>10</maxHistory>  <!--in days-->
        </rollingPolicy>
        <filter class="ch.qos.logback.classic.filter.LevelFilter">
            <level>ERROR</level>
            <onMatch>ACCEPT</onMatch>
            <onMismatch>DENY</onMismatch>
        </filter>
        <encoder>
            <pattern>%d{dd-MM-yyyy HH:mm:ss.SSSS}|%-5level|%msg%n</pattern>
        </encoder>
    </appender>

    <!--Logging for WARN-->
    <appender name="LOG_WARN" class="ch.qos.logback.core.rolling.RollingFileAppender">
        <file>${LOG_FILE_WARN}</file>
        <rollingPolicy class="ch.qos.logback.core.rolling.SizeAndTimeBasedRollingPolicy">
            <fileNamePattern>${LOG_FILE_WARN}.%d{yyyy-MM-dd}_%i.gz</fileNamePattern>
            <maxFileSize>20MB</maxFileSize>
            <maxHistory>10</maxHistory>  <!--in days-->
        </rollingPolicy>
        <filter class="ch.qos.logback.classic.filter.LevelFilter">
            <level>WARN</level>
            <onMatch>ACCEPT</onMatch>
            <onMismatch>DENY</onMismatch>
        </filter>
        <encoder>
            <pattern>%d{dd-MM-yyyy HH:mm:ss.SSSS} | %msg%n</pattern>
        </encoder>
    </appender>

    <root level="INFO">
        <appender-ref ref="CONSOLE"/>
    </root>

    <logger name="com.landmarkgroup.api.returnpolicyenquiry" additivity="false" level="ALL">
        <appender-ref ref="CONSOLE"/>
        <appender-ref ref="LOG_INFO"/>
        <appender-ref ref="LOG_ERROR"/>
        <appender-ref ref="LOG_WARN"/>
    </logger>

</configuration>